[
  {
    "id": "fr-ark",
    "origins_label": "ARK Fandom Wiki",
    "origins": [
      {
        "origin": "ARK Fandom Wiki",
        "origin_base_url": "ark.fandom.com/fr",
        "origin_content_path": "/wiki/",
        "origin_main_page": "ARK_Survival_Evolved_Wiki"
      }
    ],
    "destination": "ARK Wiki",
    "destination_base_url": "ark.wiki.gg/fr",
    "destination_platform": "mediawiki",
    "destination_icon": "arkwiki.png",
    "destination_main_page": "ARK_Wiki",
    "destination_search_path": "/index.php",
    "destination_content_path": "/wiki/",
    "destination_host": "wiki.gg",
    "tags": [
      "official"
    ]
  },
  {
    "id": "fr-bindingofisaacrebirth",
    "origins_label": "The Binding Of Isaac: Rebirth Fandom Wiki",
    "origins": [
      {
        "origin": "The Binding Of Isaac: Rebirth Fandom Wiki",
        "origin_base_url": "bindingofisaacrebirth.fandom.com/fr",
        "origin_content_path": "/wiki/",
        "origin_main_page": "Binding_of_Isaac:_Rebirth_Wiki"
      }
    ],
    "destination": "The Binding Of Isaac: Rebirth Wiki",
    "destination_base_url": "bindingofisaacrebirth.wiki.gg/fr",
    "destination_platform": "mediawiki",
    "destination_icon": "isaacrebirthwiki.png",
    "destination_main_page": "Binding_of_Isaac:_Rebirth_Wiki",
    "destination_search_path": "/index.php",
    "destination_content_path": "/wiki/",
    "destination_host": "wiki.gg"
  },
  {
    "id": "fr-dragonquest",
    "origins_label": "Dragon Quest Fandom Wiki",
    "origins": [
      {
        "origin": "Dragon Quest Fandom Wiki",
        "origin_base_url": "dragonquest.fandom.com/fr",
        "origin_content_path": "/wiki/",
        "origin_main_page": "Wiki_Dragon_Quest"
      }
    ],
    "destination": "Wiki Dragon Quest",
    "destination_base_url": "wikidragonquest.fr",
    "destination_platform": "mediawiki",
    "destination_icon": "dragonquest.png",
    "destination_main_page": "Wiki_Dragon_Quest",
    "destination_search_path": "/index.php",
    "destination_content_path": "/"
  },
  {
    "id": "fr-evangelion",
    "origins_label": "Evangelion Fandom Wiki",
    "origins": [
      {
        "origin": "Evangelion Fandom Wiki",
        "origin_base_url": "evangelion.fandom.com/fr",
        "origin_content_path": "/wiki/",
        "origin_main_page": "Wiki_Evangelion"
      }
    ],
    "destination": "Shin Wiki Evangelion",
    "destination_base_url": "shinwikievangelionfr.miraheze.org",
    "destination_platform": "mediawiki",
    "destination_icon": "shinwikievagelion.png",
    "destination_main_page": "Wiki_Evangelion",
    "destination_search_path": "/index.php",
    "destination_content_path": "/wiki/",
    "destination_host": "Miraheze"
  },
  {
    "id": "fr-fallout",
    "origins_label": "L'Abri Fallout Fandom Wiki",
    "origins": [
      {
        "origin": "L'Abri Fallout Fandom Wiki",
        "origin_base_url": "fallout.fandom.com/fr",
        "origin_content_path": "/wiki/",
        "origin_main_page": "Accueil"
      }
    ],
    "destination": "Les Archives de Vault-Tec",
    "destination_base_url": "fallout-wiki.com",
    "destination_platform": "mediawiki",
    "destination_icon": "lesarchivesdevaulttec.png",
    "destination_main_page": "Accueil",
    "destination_search_path": "/index.php",
    "destination_content_path": "/"
  },
  {
    "id": "fr-gameofthrones",
    "origins_label": "Game of Thrones Fandom Wiki",
    "origins": [
      {
        "origin": "Game of Thrones Fandom Wiki",
        "origin_base_url": "gameofthrones.fandom.com/fr",
        "origin_content_path": "/wiki/",
        "origin_main_page": "Wiki_Game_of_Thrones"
      }
    ],
    "destination": "La Garde de Nuit Wiki",
    "destination_base_url": "www.lagardedenuit.com/wiki",
    "destination_platform": "mediawiki",
    "destination_icon": "gameofthrones.png",
    "destination_main_page": "Accueil",
    "destination_search_path": "/index.php",
    "destination_content_path": "/index.php?title="
  },
  {
    "id": "fr-lethalcompany",
    "origins_label": "Lethal Company Fandom Wiki",
    "origins": [
      {
        "origin": "Lethal Company Fandom Wiki",
        "origin_base_url": "lethal-company.fandom.com/fr",
        "origin_content_path": "/wiki/",
        "origin_main_page": "Wiki_Lethal_Company"
      }
    ],
    "destination": "Lethal Company Wiki",
    "destination_base_url": "lethal.miraheze.org",
    "destination_content_suffix": "/fr",
    "destination_platform": "mediawiki",
    "destination_icon": "lethalcompany.png",
    "destination_main_page": "Main_Page",
    "destination_search_path": "/w/index.php",
    "destination_content_path": "/wiki/",
    "destination_host": "Miraheze"
  },
  {
    "id": "fr-minecraft",
    "origins_label": "Minecraft Fandom Wikis",
    "origins": [
      {
        "origin": "Minecraft Fandom Wiki",
        "origin_base_url": "minecraft.fandom.com/fr",
        "origin_content_path": "/wiki/",
        "origin_main_page": "Minecraft_Wiki"
      },
      {
        "origin": "Minecraft Fandom Wiki (Archived)",
        "origin_base_url": "minecraft-archive.fandom.com/fr",
        "origin_content_path": "/wiki/",
        "origin_main_page": "Wiki_Minecraft"
      }
    ],
    "destination": "Minecraft Wiki",
    "destination_base_url": "fr.minecraft.wiki",
    "destination_platform": "mediawiki",
    "destination_icon": "minecraftwiki.png",
    "destination_main_page": "Minecraft_Wiki",
    "destination_search_path": "/",
    "destination_content_path": "/w/"
  },
  {
    "id": "fr-pokemon",
    "origins_label": "Pokémon Fandom Wiki",
    "origins": [
      {
        "origin": "Pokémon Fandom Wiki",
        "origin_base_url": "pokemon.fandom.com/fr",
        "origin_content_path": "/wiki/",
        "origin_main_page": "Wiki_Pokémon"
      }
    ],
    "destination": "Poképédia",
    "destination_base_url": "www.pokepedia.fr",
    "destination_platform": "mediawiki",
    "destination_icon": "pokepedia.png",
    "destination_main_page": "Portail:Accueil",
    "destination_search_path": "/index.php",
    "destination_content_path": "/"
  },
  {
    "id": "fr-splatoon",
    "origins_label": "Splatoon Fandom Wiki",
    "origins": [
      {
        "origin": "Splatoon Fandom Wiki",
        "origin_base_url": "splatoon.fandom.com/fr",
        "origin_content_path": "/wiki/",
        "origin_main_page": "Wiki_Splatoon"
      }
    ],
    "destination": "Inkipédia",
    "destination_base_url": "fr.splatoonwiki.org",
    "destination_platform": "mediawiki",
    "destination_icon": "inkipedia.png",
    "destination_content_path": "/wiki/",
    "destination_search_path": "/w/index.php",
    "destination_main_page": "Accueil"
  },
  {
    "id": "fr-terraria",
    "origins_label": "Terraria Fandom Wiki",
    "origins": [
      {
        "origin": "Terraria Fandom Wiki",
        "origin_base_url": "terraria.fandom.com/fr",
        "origin_content_path": "/wiki/",
        "origin_main_page": "Terraria_Wiki"
      }
    ],
    "destination": "Terraria Wiki",
    "destination_base_url": "terraria.wiki.gg/fr",
    "destination_platform": "mediawiki",
    "destination_icon": "terrariawiki.png",
    "destination_main_page": "Terraria_Wiki",
    "destination_search_path": "/index.php",
    "destination_content_path": "/wiki/",
    "destination_host": "wiki.gg",
    "tags": [
      "official"
    ]
  },
  {
    "id": "fr-touhou",
    "origins_label": "Touhou Fandom Wiki",
    "origins": [
      {
        "origin": "Touhou Fandom Wiki",
        "origin_base_url": "touhou.fandom.com/fr",
        "origin_content_path": "/wiki/",
        "origin_main_page": "Touhou_Wiki"
      }
    ],
    "destination": "Touhou Wiki",
    "destination_base_url": "fr.touhouwiki.net",
    "destination_platform": "mediawiki",
    "destination_icon": "touhouwiki.png",
    "destination_main_page": "Touhou_Wiki",
    "destination_search_path": "/index.php",
    "destination_content_path": "/wiki/"
  }
]
